date,competitor_tag,sentiment_label,confidence_score,snippet
2025-12-06T19:24:44Z,Snowflake Data Cloud,POSITIVE,0.9979084730148315,"On December 3, Accenture plc (NYSE:ACN) and Snowflake, the AI data cloud company, announced an expanded partnership aimed at accelerating generative AI adoption and improving business outcomes for"
2025-12-06T19:24:44Z,Snowflake Data Cloud,POSITIVE,0.9898025393486023,"Accenture plc (NYSE:ACN) is included among the 15 Blue Chip Dividend Stocks to Build a Passive Income Porfolio. On December 3, Accenture plc (NYSE:ACN) and Snowflake, the AI data cloud company, announced an expanded partnership aimed at accelerating generative AI adoption and improving business outcomes for clients like Caterpillar."
2025-12-06T19:24:44Z,Snowflake Data Cloud,POSITIVE,0.9979084730148315,"On December 3, Accenture plc (NYSE:ACN) and Snowflake, the AI data cloud company, announced an expanded partnership aimed at accelerating generative AI adoption and improving business outcomes for"
2025-12-06T19:24:44Z,Snowflake Data Cloud,POSITIVE,0.9898025393486023,"Accenture plc (NYSE:ACN) is included among the 15 Blue Chip Dividend Stocks to Build a Passive Income Porfolio. On December 3, Accenture plc (NYSE:ACN) and Snowflake, the AI data cloud company, announced an expanded partnership aimed at accelerating generative AI adoption and improving business outcomes for clients like Caterpillar."
2025-12-06T19:24:44Z,Snowflake Data Cloud,POSITIVE,0.9979084730148315,"On December 3, Accenture plc (NYSE:ACN) and Snowflake, the AI data cloud company, announced an expanded partnership aimed at accelerating generative AI adoption and improving business outcomes for"
2025-12-06T19:24:44Z,Snowflake Data Cloud,POSITIVE,0.9898025393486023,"Accenture plc (NYSE:ACN) is included among the 15 Blue Chip Dividend Stocks to Build a Passive Income Porfolio. On December 3, Accenture plc (NYSE:ACN) and Snowflake, the AI data cloud company, announced an expanded partnership aimed at accelerating generative AI adoption and improving business outcomes for clients like Caterpillar."
2025-12-06T19:24:44Z,Snowflake Data Cloud,POSITIVE,0.9979084730148315,"On December 3, Accenture plc (NYSE:ACN) and Snowflake, the AI data cloud company, announced an expanded partnership aimed at accelerating generative AI adoption and improving business outcomes for"
2025-12-06T19:24:44Z,Snowflake Data Cloud,POSITIVE,0.9898025393486023,"Accenture plc (NYSE:ACN) is included among the 15 Blue Chip Dividend Stocks to Build a Passive Income Porfolio. On December 3, Accenture plc (NYSE:ACN) and Snowflake, the AI data cloud company, announced an expanded partnership aimed at accelerating generative AI adoption and improving business outcomes for clients like Caterpillar."
2025-12-06T19:24:44Z,Snowflake Data Cloud,POSITIVE,0.9979084730148315,"On December 3, Accenture plc (NYSE:ACN) and Snowflake, the AI data cloud company, announced an expanded partnership aimed at accelerating generative AI adoption and improving business outcomes for"
2025-12-06T19:24:44Z,Snowflake Data Cloud,POSITIVE,0.9898025393486023,"Accenture plc (NYSE:ACN) is included among the 15 Blue Chip Dividend Stocks to Build a Passive Income Porfolio. On December 3, Accenture plc (NYSE:ACN) and Snowflake, the AI data cloud company, announced an expanded partnership aimed at accelerating generative AI adoption and improving business outcomes for clients like Caterpillar."
